<?xml version="1.0" encoding="UTF-8"?>
<project-private xmlns="http://www.netbeans.org/ns/project-private/1">
    <editor-bookmarks xmlns="http://www.netbeans.org/ns/editor-bookmarks/2" lastBookmarkId="0"/>
    <open-files xmlns="http://www.netbeans.org/ns/projectui-open-files/2">
        <group>
            <file>file:/D:/Kuliah/Tingkat%202/Semester%203/Pengembangan%20Perangkat%20Lunak%20Berorientasi%20Objek/Proyek/KoperasiITDEL/KoperasiITDEL/src/koperasiitdel/Event.java</file>
            <file>file:/D:/Kuliah/Tingkat%202/Semester%203/Pengembangan%20Perangkat%20Lunak%20Berorientasi%20Objek/Proyek/KoperasiITDEL/KoperasiITDEL/src/koperasiitdel/Display.java</file>
            <file>file:/D:/Kuliah/Tingkat%202/Semester%203/Pengembangan%20Perangkat%20Lunak%20Berorientasi%20Objek/Proyek/KoperasiITDEL/KoperasiITDEL/src/koperasiitdel/Acces.java</file>
            <file>file:/D:/Kuliah/Tingkat%202/Semester%203/Pengembangan%20Perangkat%20Lunak%20Berorientasi%20Objek/Proyek/KoperasiITDEL/KoperasiITDEL/src/koperasiitdel/MainKoperasi.java</file>
        </group>
    </open-files>
</project-private>
